matchday,date,home_team,away_team
1,2026-08-22,Inter,Monza
1,2026-08-22,Udinese,Como
1,2026-08-22,Genoa,Napoli
1,2026-08-22,Parma,Cagliari
1,2026-08-23,Venezia,Lecce
1,2026-08-23,Frosinone,Juventus
1,2026-08-23,Atalanta,Sassuolo
1,2026-08-23,Torino,Milan
1,2026-08-24,Bologna,Lazio
1,2026-08-24,Roma,Fiorentina
2,2026-08-28,Milan,Venezia
2,2026-08-29,Fiorentina,Frosinone
2,2026-08-29,Monza,Udinese
2,2026-08-29,Sassuolo,Torino
2,2026-08-29,Juventus,Parma
2,2026-08-30,Napoli,Como
2,2026-08-30,Cagliari,Inter
2,2026-08-30,Lazio,Genoa
2,2026-08-31,Lecce,Roma
2,2026-08-31,Atalanta,Bologna
3,2026-09-04,Genoa,Como
3,2026-09-05,Fiorentina,Torino
3,2026-09-05,Inter,Napoli
3,2026-09-05,Roma,Atalanta
3,2026-09-06,Frosinone,Venezia
3,2026-09-06,Parma,Monza
3,2026-09-06,Bologna,Sassuolo
3,2026-09-06,Juventus,Milan
3,2026-09-07,Cagliari,Lecce
3,2026-09-07,Udinese,Lazio
4,2026-09-11,Venezia,Fiorentina
4,2026-09-12,Genoa,Frosinone
4,2026-09-12,Lazio,Milan
4,2026-09-12,Atalanta,Cagliari
4,2026-09-13,Torino,Roma
4,2026-09-13,Como,Parma
4,2026-09-13,Lecce,Monza
4,2026-09-13,Napoli,Bologna
4,2026-09-13,Sassuolo,Juventus
4,2026-09-14,Inter,Udinese
5,2026-09-18,Monza,Sassuolo
5,2026-09-19,Bologna,Torino
5,2026-09-19,Udinese,Cagliari
5,2026-09-19,Roma,Inter
5,2026-09-19,Venezia,Lazio
5,2026-09-20,Fiorentina,Napoli
5,2026-09-20,Frosinone,Como
5,2026-09-20,Parma,Genoa
5,2026-09-20,Juventus,Atalanta
5,2026-09-20,Milan,Lecce
6,2026-10-11,Atalanta,Venezia
6,2026-10-11,Cagliari,Juventus
6,2026-10-11,Genoa,Fiorentina
6,2026-10-11,Como,Roma
6,2026-10-11,Torino,Udinese
6,2026-10-11,Inter,Parma
6,2026-10-11,Lazio,Monza
6,2026-10-11,Sassuolo,Milan
6,2026-10-11,Napoli,Frosinone
6,2026-10-11,Lecce,Bologna
7,2026-10-18,Fiorentina,Como
7,2026-10-18,Milan,Atalanta
7,2026-10-18,Monza,Cagliari
7,2026-10-18,Roma,Genoa
7,2026-10-18,Bologna,Inter
7,2026-10-18,Venezia,Napoli
7,2026-10-18,Frosinone,Sassuolo
7,2026-10-18,Juventus,Lazio
7,2026-10-18,Parma,Torino
7,2026-10-18,Udinese,Lecce
8,2026-10-25,Atalanta,Frosinone
8,2026-10-25,Cagliari,Bologna
8,2026-10-25,Genoa,Venezia
8,2026-10-25,Como,Sassuolo
8,2026-10-25,Torino,Monza
8,2026-10-25,Inter,Fiorentina
8,2026-10-25,Lazio,Parma
8,2026-10-25,Napoli,Roma
8,2026-10-25,Udinese,Milan
8,2026-10-25,Lecce,Juventus
9,2026-10-28,Fiorentina,Atalanta
9,2026-10-28,Milan,Bologna
9,2026-10-28,Monza,Napoli
9,2026-10-28,Roma,Cagliari
9,2026-10-28,Genoa,Juventus
9,2026-10-28,Torino,Como
9,2026-10-28,Venezia,Inter
9,2026-10-28,Frosinone,Lecce
9,2026-10-28,Parma,Udinese
9,2026-10-28,Sassuolo,Lazio
10,2026-11-01,Milan,Inter
10,2026-11-01,Atalanta,Parma
10,2026-11-01,Como,Venezia
10,2026-11-01,Bologna,Monza
10,2026-11-01,Frosinone,Torino
10,2026-11-01,Juventus,Napoli
10,2026-11-01,Lazio,Cagliari
10,2026-11-01,Sassuolo,Fiorentina
10,2026-11-01,Udinese,Roma
10,2026-11-01,Lecce,Genoa
11,2026-11-08,Fiorentina,Juventus
11,2026-11-08,Monza,Atalanta
11,2026-11-08,Roma,Sassuolo
11,2026-11-08,Cagliari,Frosinone
11,2026-11-08,Genoa,Milan
11,2026-11-08,Torino,Lecce
11,2026-11-08,Venezia,Udinese
11,2026-11-08,Inter,Como
11,2026-11-08,Parma,Bologna
11,2026-11-08,Napoli,Lazio
12,2026-11-22,Milan,Frosinone
12,2026-11-22,Monza,Fiorentina
12,2026-11-22,Atalanta,Inter
12,2026-11-22,Como,Cagliari
12,2026-11-22,Bologna,Udinese
12,2026-11-22,Juventus,Venezia
12,2026-11-22,Lazio,Lecce
12,2026-11-22,Parma,Roma
12,2026-11-22,Sassuolo,Genoa
12,2026-11-22,Napoli,Torino
13,2026-11-29,Roma,Monza
13,2026-11-29,Cagliari,Milan
13,2026-11-29,Como,Juventus
13,2026-11-29,Torino,Lazio
13,2026-11-29,Venezia,Bologna
13,2026-11-29,Frosinone,Parma
13,2026-11-29,Inter,Genoa
13,2026-11-29,Sassuolo,Napoli
13,2026-11-29,Udinese,Fiorentina
13,2026-11-29,Lecce,Atalanta
14,2026-12-06,Fiorentina,Cagliari
14,2026-12-06,Milan,Parma
14,2026-12-06,Monza,Como
14,2026-12-06,Genoa,Torino
14,2026-12-06,Bologna,Roma
14,2026-12-06,Venezia,Sassuolo
14,2026-12-06,Frosinone,Inter
14,2026-12-06,Juventus,Udinese
14,2026-12-06,Lazio,Atalanta
14,2026-12-06,Napoli,Lecce
15,2026-12-13,Atalanta,Genoa
15,2026-12-13,Cagliari,Venezia
15,2026-12-13,Como,Bologna
15,2026-12-13,Inter,Torino
15,2026-12-13,Juventus,Monza
15,2026-12-13,Lazio,Roma
15,2026-12-13,Parma,Fiorentina
15,2026-12-13,Napoli,Milan
15,2026-12-13,Udinese,Frosinone
15,2026-12-13,Lecce,Sassuolo
16,2026-12-20,Fiorentina,Bologna
16,2026-12-20,Milan,Como
16,2026-12-20,Roma,Juventus
16,2026-12-20,Atalanta,Napoli
16,2026-12-20,Genoa,Udinese
16,2026-12-20,Torino,Cagliari
16,2026-12-20,Venezia,Monza
16,2026-12-20,Frosinone,Lazio
16,2026-12-20,Sassuolo,Parma
16,2026-12-20,Lecce,Inter
17,2027-01-03,Fiorentina,Lazio
17,2027-01-03,Monza,Milan
17,2027-01-03,Roma,Frosinone
17,2027-01-03,Cagliari,Genoa
17,2027-01-03,Como,Lecce
17,2027-01-03,Bologna,Juventus
17,2027-01-03,Torino,Venezia
17,2027-01-03,Inter,Sassuolo
17,2027-01-03,Parma,Napoli
17,2027-01-03,Udinese,Atalanta
18,2027-01-06,Milan,Fiorentina
18,2027-01-06,Atalanta,Como
18,2027-01-06,Genoa,Monza
18,2027-01-06,Venezia,Roma
18,2027-01-06,Frosinone,Bologna
18,2027-01-06,Juventus,Torino
18,2027-01-06,Lazio,Inter
18,2027-01-06,Sassuolo,Udinese
18,2027-01-06,Napoli,Cagliari
18,2027-01-06,Lecce,Parma
19,2027-01-10,Fiorentina,Lecce
19,2027-01-10,Monza,Frosinone
19,2027-01-10,Roma,Milan
19,2027-01-10,Cagliari,Sassuolo
19,2027-01-10,Como,Lazio
19,2027-01-10,Bologna,Genoa
19,2027-01-10,Torino,Atalanta
19,2027-01-10,Inter,Juventus
19,2027-01-10,Parma,Venezia
19,2027-01-10,Udinese,Napoli
20,2027-01-17,Milan,Torino
20,2027-01-17,Atalanta,Roma
20,2027-01-17,Cagliari,Como
20,2027-01-17,Venezia,Frosinone
20,2027-01-17,Juventus,Genoa
20,2027-01-17,Lazio,Bologna
20,2027-01-17,Parma,Inter
20,2027-01-17,Sassuolo,Monza
20,2027-01-17,Napoli,Fiorentina
20,2027-01-17,Lecce,Udinese
21,2027-01-24,Fiorentina,Sassuolo
21,2027-01-24,Monza,Lazio
21,2027-01-24,Roma,Udinese
21,2027-01-24,Genoa,Parma
21,2027-01-24,Como,Napoli
21,2027-01-24,Bologna,Atalanta
21,2027-01-24,Frosinone,Milan
21,2027-01-24,Inter,Venezia
21,2027-01-24,Juventus,Cagliari
21,2027-01-24,Lecce,Torino
22,2027-01-31,Milan,Juventus
22,2027-01-31,Monza,Roma
22,2027-01-31,Atalanta,Fiorentina
22,2027-01-31,Cagliari,Parma
22,2027-01-31,Genoa,Lecce
22,2027-01-31,Torino,Frosinone
22,2027-01-31,Lazio,Venezia
22,2027-01-31,Sassuolo,Como
22,2027-01-31,Napoli,Inter
22,2027-01-31,Udinese,Bologna
23,2027-02-07,Fiorentina,Udinese
23,2027-02-07,Roma,Torino
23,2027-02-07,Atalanta,Lazio
23,2027-02-07,Como,Monza
23,2027-02-07,Bologna,Milan
23,2027-02-07,Venezia,Genoa
23,2027-02-07,Inter,Cagliari
23,2027-02-07,Juventus,Sassuolo
23,2027-02-07,Parma,Frosinone
23,2027-02-07,Lecce,Napoli
24,2027-02-14,Monza,Lecce
24,2027-02-14,Roma,Parma
24,2027-02-14,Cagliari,Lazio
24,2027-02-14,Genoa,Atalanta
24,2027-02-14,Bologna,Como
24,2027-02-14,Torino,Sassuolo
24,2027-02-14,Frosinone,Fiorentina
24,2027-02-14,Inter,Milan
24,2027-02-14,Napoli,Juventus
24,2027-02-14,Udinese,Venezia
25,2027-02-21,Fiorentina,Inter
25,2027-02-21,Milan,Genoa
25,2027-02-21,Atalanta,Monza
25,2027-02-21,Como,Torino
25,2027-02-21,Venezia,Cagliari
25,2027-02-21,Juventus,Bologna
25,2027-02-21,Lazio,Napoli
25,2027-02-21,Sassuolo,Roma
25,2027-02-21,Udinese,Parma
25,2027-02-21,Lecce,Frosinone
26,2027-02-28,Monza,Juventus
26,2027-02-28,Roma,Venezia
26,2027-02-28,Cagliari,Udinese
26,2027-02-28,Genoa,Lazio
26,2027-02-28,Como,Milan
26,2027-02-28,Bologna,Lecce
26,2027-02-28,Torino,Fiorentina
26,2027-02-28,Frosinone,Napoli
26,2027-02-28,Inter,Atalanta
26,2027-02-28,Parma,Sassuolo
27,2027-03-07,Fiorentina,Venezia
27,2027-03-07,Milan,Cagliari
27,2027-03-07,Monza,Genoa
27,2027-03-07,Atalanta,Torino
27,2027-03-07,Juventus,Roma
27,2027-03-07,Lazio,Frosinone
27,2027-03-07,Sassuolo,Bologna
27,2027-03-07,Napoli,Parma
27,2027-03-07,Udinese,Inter
27,2027-03-07,Lecce,Como
28,2027-03-14,Milan,Sassuolo
28,2027-03-14,Cagliari,Fiorentina
28,2027-03-14,Genoa,Roma
28,2027-03-14,Como,Udinese
28,2027-03-14,Bologna,Napoli
28,2027-03-14,Torino,Inter
28,2027-03-14,Venezia,Atalanta
28,2027-03-14,Frosinone,Monza
28,2027-03-14,Lazio,Juventus
28,2027-03-14,Parma,Lecce
29,2027-03-21,Fiorentina,Genoa
29,2027-03-21,Monza,Bologna
29,2027-03-21,Roma,Lecce
29,2027-03-21,Atalanta,Milan
29,2027-03-21,Inter,Frosinone
29,2027-03-21,Juventus,Como
29,2027-03-21,Parma,Lazio
29,2027-03-21,Sassuolo,Cagliari
29,2027-03-21,Napoli,Venezia
29,2027-03-21,Udinese,Torino
30,2027-04-04,Milan,Monza
30,2027-04-04,Roma,Bologna
30,2027-04-04,Cagliari,Napoli
30,2027-04-04,Genoa,Inter
30,2027-04-04,Como,Fiorentina
30,2027-04-04,Torino,Juventus
30,2027-04-04,Venezia,Parma
30,2027-04-04,Frosinone,Udinese
30,2027-04-04,Sassuolo,Atalanta
30,2027-04-04,Lecce,Lazio
31,2027-04-11,Fiorentina,Milan
31,2027-04-11,Cagliari,Atalanta
31,2027-04-11,Bologna,Venezia
31,2027-04-11,Frosinone,Genoa
31,2027-04-11,Inter,Roma
31,2027-04-11,Juventus,Lecce
31,2027-04-11,Lazio,Torino
31,2027-04-11,Parma,Como
31,2027-04-11,Napoli,Sassuolo
31,2027-04-11,Udinese,Monza
32,2027-04-18,Fiorentina,Parma
32,2027-04-18,Milan,Napoli
32,2027-04-18,Monza,Inter
32,2027-04-18,Roma,Lazio
32,2027-04-18,Atalanta,Udinese
32,2027-04-18,Como,Frosinone
32,2027-04-18,Bologna,Cagliari
32,2027-04-18,Torino,Genoa
32,2027-04-18,Venezia,Juventus
32,2027-04-18,Sassuolo,Lecce
33,2027-04-25,Cagliari,Monza
33,2027-04-25,Genoa,Sassuolo
33,2027-04-25,Venezia,Torino
33,2027-04-25,Frosinone,Roma
33,2027-04-25,Inter,Bologna
33,2027-04-25,Juventus,Fiorentina
33,2027-04-25,Lazio,Como
33,2027-04-25,Parma,Atalanta
33,2027-04-25,Napoli,Udinese
33,2027-04-25,Lecce,Milan
34,2027-05-02,Milan,Lazio
34,2027-05-02,Monza,Venezia
34,2027-05-02,Roma,Napoli
34,2027-05-02,Atalanta,Juventus
34,2027-05-02,Como,Inter
34,2027-05-02,Bologna,Fiorentina
34,2027-05-02,Torino,Parma
34,2027-05-02,Sassuolo,Frosinone
34,2027-05-02,Udinese,Genoa
34,2027-05-02,Lecce,Cagliari
35,2027-05-09,Fiorentina,Roma
35,2027-05-09,Genoa,Cagliari
35,2027-05-09,Torino,Bologna
35,2027-05-09,Venezia,Como
35,2027-05-09,Frosinone,Atalanta
35,2027-05-09,Inter,Lecce
35,2027-05-09,Lazio,Sassuolo
35,2027-05-09,Parma,Milan
35,2027-05-09,Napoli,Monza
35,2027-05-09,Udinese,Juventus
36,2027-05-16,Milan,Roma
36,2027-05-16,Monza,Parma
36,2027-05-16,Cagliari,Torino
36,2027-05-16,Como,Atalanta
36,2027-05-16,Bologna,Frosinone
36,2027-05-16,Juventus,Inter
36,2027-05-16,Lazio,Udinese
36,2027-05-16,Sassuolo,Venezia
36,2027-05-16,Napoli,Genoa
36,2027-05-16,Lecce,Fiorentina
37,2027-05-23,Fiorentina,Monza
37,2027-05-23,Roma,Como
37,2027-05-23,Atalanta,Lecce
37,2027-05-23,Genoa,Bologna
37,2027-05-23,Torino,Napoli
37,2027-05-23,Venezia,Milan
37,2027-05-23,Frosinone,Cagliari
37,2027-05-23,Inter,Lazio
37,2027-05-23,Parma,Juventus
37,2027-05-23,Udinese,Sassuolo
38,2027-05-30,Milan,Udinese
38,2027-05-30,Monza,Torino
38,2027-05-30,Cagliari,Roma
38,2027-05-30,Como,Genoa
38,2027-05-30,Bologna,Parma
38,2027-05-30,Juventus,Frosinone
38,2027-05-30,Lazio,Fiorentina
38,2027-05-30,Sassuolo,Inter
38,2027-05-30,Napoli,Atalanta
38,2027-05-30,Lecce,Venezia
